Symbol,2025-11-19,2025-11-20
MVB,HOLD,HOLD
NST,HOLD,HOLD
CLM,HOLD,HOLD
TMB,HOLD,HOLD
PHN,HOLD,HOLD
VIF,HOLD,HOLD
KSV,HOLD,HOLD
CMC,HOLD,SELL
TTL,SELL,HOLD
SDC,HOLD,HOLD
VC1,HOLD,SELL
VC6,HOLD,HOLD
VC7,HOLD,HOLD
VC2,HOLD,HOLD
VTV,HOLD,HOLD
LIG,HOLD,HOLD
LCD,HOLD,HOLD
ICG,HOLD,HOLD
VNC,BUY,HOLD
ARM,HOLD,HOLD
TET,HOLD,HOLD
MED,HOLD,HOLD
X20,HOLD,HOLD
PVS,HOLD,HOLD
PVC,HOLD,HOLD
PVI,HOLD,HOLD
ONE,HOLD,HOLD
AME,HOLD,HOLD
TTH,HOLD,HOLD
CKV,HOLD,HOLD
POT,HOLD,HOLD
IPA,HOLD,HOLD
ATS,HOLD,HOLD
SD9,HOLD,HOLD
SD5,HOLD,HOLD
PJC,HOLD,SELL
VC9,HOLD,HOLD
TIG,HOLD,HOLD
CEO,HOLD,HOLD
VC3,HOLD,HOLD
VMC,HOLD,HOLD
VNT,HOLD,HOLD
SDA,HOLD,HOLD
S99,HOLD,HOLD
PIA,BUY,BUY
MCO,HOLD,HOLD
HHC,SELL,SELL
V12,BUY,BUY
PLC,HOLD,HOLD
SRA,HOLD,HOLD
CSC,HOLD,HOLD
EBS,SELL,SELL
INN,HOLD,HOLD
HEV,SELL,HOLD
SVN,HOLD,HOLD
SHE,HOLD,HOLD
CX8,SELL,HOLD
KSQ,HOLD,HOLD
API,HOLD,HOLD
HDA,HOLD,HOLD
HAT,HOLD,SELL
ECI,HOLD,HOLD
IDJ,HOLD,HOLD
SDU,HOLD,HOLD
EID,HOLD,HOLD
VCM,HOLD,HOLD
SHN,HOLD,HOLD
PV2,HOLD,HOLD
CMS,HOLD,HOLD
PVG,HOLD,HOLD
HLD,HOLD,HOLD
PCG,HOLD,HOLD
ADC,HOLD,HOLD
MBG,HOLD,HOLD
PPE,HOLD,HOLD
VLA,HOLD,HOLD
PPS,HOLD,HOLD
PMB,HOLD,HOLD
MST,HOLD,HOLD
CET,HOLD,HOLD
DTK,HOLD,HOLD
PCH,HOLD,HOLD
FID,HOLD,HOLD
DVM,HOLD,HOLD
THD,HOLD,HOLD
PRE,HOLD,HOLD
GMA,HOLD,HOLD
BNA,HOLD,HOLD
TVC,HOLD,HOLD
CAR,HOLD,HOLD
KSF,HOLD,HOLD
VHE,HOLD,HOLD
SCG,HOLD,HOLD
DNC,HOLD,HOLD
NTP,HOLD,HOLD
TSB,HOLD,HOLD
CAN,HOLD,BUY
TJC,HOLD,BUY
KKC,BUY,HOLD
PTS,HOLD,HOLD
DXP,HOLD,HOLD
MAC,ERR,ERR
DP3,HOLD,HOLD
HCT,HOLD,HOLD
DHP,HOLD,HOLD
VMS,SELL,SELL
BXH,HOLD,HOLD
PPT,HOLD,HOLD
GIC,HOLD,HOLD
VSA,HOLD,SELL
RCL,HOLD,HOLD
PMC,HOLD,HOLD
D11,HOLD,HOLD
SPC,HOLD,HOLD
SFN,HOLD,HOLD
SGH,HOLD,HOLD
WCS,SELL,HOLD
STC,BUY,BUY
UNI,HOLD,HOLD
ALT,BUY,HOLD
PPP,HOLD,HOLD
TMC,HOLD,SELL
GLT,HOLD,HOLD
TV3,BUY,BUY
PMS,HOLD,HOLD
VTC,HOLD,HOLD
SJ1,HOLD,HOLD
PSC,HOLD,HOLD
IDC,HOLD,HOLD
VGP,HOLD,HOLD
PTD,HOLD,BUY
HTC,HOLD,HOLD
VNF,HOLD,HOLD
HMH,HOLD,HOLD
PEN,HOLD,HOLD
KST,HOLD,HOLD
SGD,HOLD,HOLD
TFC,HOLD,HOLD
PGT,HOLD,HOLD
TPP,BUY,HOLD
SAF,HOLD,BUY
NBW,BUY,BUY
BTW,HOLD,HOLD
GDW,HOLD,HOLD
INC,HOLD,HOLD
SED,HOLD,HOLD
PCT,HOLD,HOLD
VTJ,HOLD,HOLD
PGS,HOLD,HOLD
BSC,HOLD,HOLD
PSD,HOLD,HOLD
PSE,BUY,HOLD
TOT,HOLD,HOLD
SMN,HOLD,HOLD
DDG,SELL,SELL
VTZ,HOLD,HOLD
NRC,HOLD,HOLD
TA9,HOLD,HOLD
NDN,HOLD,HOLD
KMT,HOLD,HOLD
CDN,HOLD,HOLD
MAS,SELL,SELL
VSM,SELL,BUY
PRC,HOLD,SELL
VE1,HOLD,HOLD
DAE,HOLD,HOLD
BED,HOLD,HOLD
SSM,BUY,SELL
CJC,SELL,SELL
PIC,HOLD,BUY
NDX,HOLD,HOLD
PDB,HOLD,HOLD
V21,HOLD,HOLD
SJE,HOLD,BUY
DHT,SELL,HOLD
STP,HOLD,HOLD
QHD,BUY,BUY
VCS,HOLD,HOLD
SCI,HOLD,HOLD
DST,HOLD,HOLD
HUT,HOLD,HOLD
BBS,HOLD,HOLD
PVB,HOLD,SELL
BTS,HOLD,HOLD
DTD,HOLD,HOLD
KSD,HOLD,HOLD
KDM,HOLD,HOLD
GKM,HOLD,HOLD
L18,HOLD,HOLD
C69,HOLD,HOLD
HAD,HOLD,HOLD
CTB,HOLD,HOLD
OCH,HOLD,HOLD
AAV,BUY,HOLD
ITQ,HOLD,HOLD
TBX,HOLD,HOLD
LBE,HOLD,HOLD
MCF,HOLD,HOLD
DTG,HOLD,HOLD
MKV,HOLD,HOLD
BCF,HOLD,BUY
SGC,HOLD,HOLD
CAG,HOLD,SELL
NVB,HOLD,HOLD
KHS,HOLD,HOLD
SDG,SELL,HOLD
L40,BUY,HOLD
CPC,HOLD,HOLD
PSW,HOLD,HOLD
PBP,HOLD,HOLD
VIT,HOLD,HOLD
NAG,HOLD,HOLD
IDV,HOLD,HOLD
MEL,HOLD,SELL
VGS,HOLD,HOLD
PGN,HOLD,HOLD
L14,HOLD,HOLD
HVT,HOLD,SELL
LAS,HOLD,HOLD
NSH,HOLD,HOLD
NFC,HOLD,HOLD
NBP,SELL,HOLD
BCC,HOLD,HOLD
BPC,HOLD,HOLD
THS,HOLD,HOLD
THB,HOLD,HOLD
SPI,BUY,BUY
VNR,HOLD,HOLD
NAP,HOLD,BUY
BAB,HOLD,HOLD
HOM,HOLD,HOLD
VBC,HOLD,HOLD
VE4,BUY,BUY
VE3,SELL,SELL
AMC,HOLD,HOLD
HMR,HOLD,HOLD
CTP,HOLD,BUY
DAD,HOLD,HOLD
TXM,HOLD,HOLD
GMX,HOLD,HOLD
DC2,HOLD,HOLD
PMP,HOLD,HOLD
TKU,BUY,SELL
SDN,SELL,HOLD
NET,HOLD,HOLD
DNP,HOLD,HOLD
TTC,HOLD,HOLD
BAX,HOLD,SELL
VTH,HOLD,HOLD
SMT,HOLD,HOLD
SZB,HOLD,HOLD
NHC,HOLD,HOLD
MCC,HOLD,HOLD
AMV,HOLD,HOLD
TTT,HOLD,HOLD
MIC,HOLD,HOLD
HCC,HOLD,BUY
VCC,HOLD,HOLD
QTC,HOLD,HOLD
DIH,HOLD,BUY
PCE,HOLD,HOLD
PTI,HOLD,HOLD
CCR,SELL,BUY
TV4,HOLD,HOLD
SEB,HOLD,SELL
CIA,HOLD,HOLD
NTH,HOLD,HOLD
PPY,HOLD,HOLD
TNG,HOLD,HOLD
TDT,HOLD,HOLD
BKC,HOLD,HOLD
HGM,HOLD,HOLD
HJS,HOLD,HOLD
CAP,BUY,HOLD
HKT,HOLD,HOLD
SLS,HOLD,HOLD
CST,SELL,HOLD
VHL,HOLD,HOLD
MDC,HOLD,HOLD
THT,HOLD,HOLD
QST,HOLD,HOLD
HLC,HOLD,HOLD
NBC,HOLD,BUY
TVD,HOLD,HOLD
DS3,HOLD,HOLD
DTC,HOLD,HOLD
CTT,BUY,HOLD
LDP,SELL,HOLD
LHC,HOLD,HOLD
VDL,HOLD,HOLD
S55,HOLD,HOLD
DL1,HOLD,HOLD
VE8,HOLD,HOLD
KTS,HOLD,HOLD
VGT,HOLD,HOLD
TVN,HOLD,HOLD
XPH,HOLD,HOLD
HMG,HOLD,HOLD
KTL,HOLD,HOLD
DFC,SELL,SELL
HSM,BUY,BUY
GTD,HOLD,BUY
TV1,SELL,HOLD
HTM,BUY,HOLD
DLT,HOLD,HOLD
M10,HOLD,HOLD
TBD,HOLD,HOLD
MIE,HOLD,HOLD
MGG,HOLD,HOLD
BT1,SELL,SELL
HFX,HOLD,HOLD
HNR,NO_DATA,NO_DATA
VNY,HOLD,HOLD
DCH,HOLD,HOLD
MIM,NO_DATA,NO_DATA
VHF,HOLD,HOLD
SPH,HOLD,HOLD
HEJ,HOLD,HOLD
MCG,HOLD,HOLD
VEC,HOLD,HOLD
EMG,HOLD,HOLD
HSP,HOLD,HOLD
VEA,HOLD,HOLD
VLC,HOLD,HOLD
TVG,HOLD,HOLD
MVN,HOLD,HOLD
C12,HOLD,HOLD
CT6,HOLD,HOLD
VWS,SELL,SELL
CDG,HOLD,HOLD
HCI,HOLD,HOLD
HMS,HOLD,HOLD
S12,HOLD,HOLD
DDM,HOLD,HOLD
VGV,HOLD,HOLD
GH3,SELL,SELL
XDH,HOLD,HOLD
CH5,HOLD,HOLD
HNB,HOLD,HOLD
ICC,BUY,BUY
NOS,HOLD,HOLD
TMX,HOLD,HOLD
HHN,HOLD,HOLD
HC1,HOLD,HOLD
SJG,HOLD,HOLD
VFR,HOLD,HOLD
VIW,HOLD,HOLD
NS2,HOLD,BUY
CNN,BUY,HOLD
CCV,HOLD,HOLD
MES,NO_DATA,NO_DATA
SD1,BUY,BUY
LLM,BUY,HOLD
HAN,HOLD,HOLD
CKD,HOLD,HOLD
L12,HOLD,HOLD
LIC,HOLD,BUY
TCK,HOLD,HOLD
HAF,HOLD,HOLD
USC,HOLD,HOLD
TSJ,HOLD,HOLD
TH1,HOLD,HOLD
TVA,HOLD,HOLD
VXT,HOLD,HOLD
TED,HOLD,HOLD
VNX,HOLD,HOLD
IHK,HOLD,HOLD
PEQ,HOLD,HOLD
HFC,HOLD,HOLD
PCC,HOLD,SELL
NAS,HOLD,HOLD
VFC,SELL,SELL
DP1,HOLD,BUY
X26,HOLD,HOLD
PBC,HOLD,HOLD
VTK,HOLD,SELL
DP2,HOLD,HOLD
AMP,HOLD,HOLD
DVN,HOLD,HOLD
CTX,HOLD,HOLD
PHH,HOLD,HOLD
VNB,HOLD,HOLD
ILS,BUY,HOLD
VEF,HOLD,HOLD
HD6,HOLD,HOLD
TA6,HOLD,HOLD
ACM,HOLD,HOLD
C22,HOLD,HOLD
PMT,HOLD,HOLD
TEL,HOLD,HOLD
VIE,HOLD,HOLD
PCM,HOLD,HOLD
PTP,HOLD,HOLD
HNP,HOLD,HOLD
VIH,HOLD,HOLD
BTH,HOLD,HOLD
VVN,HOLD,HOLD
HES,HOLD,HOLD
BVG,HOLD,HOLD
DCS,HOLD,HOLD
HD2,HOLD,HOLD
CIP,HOLD,HOLD
DAG,HOLD,HOLD
FHN,SELL,SELL
CMT,HOLD,HOLD
LTC,HOLD,HOLD
RAT,BUY,BUY
HNM,HOLD,HOLD
DDB,HOLD,HOLD
TST,HOLD,HOLD
DHN,SELL,SELL
CTN,SELL,SELL
PVM,BUY,HOLD
FBA,NO_DATA,NO_DATA
DAC,BUY,BUY
SJC,HOLD,HOLD
S96,HOLD,HOLD
APP,SELL,HOLD
VCT,HOLD,HOLD
NDC,SELL,SELL
PLE,HOLD,HOLD
ICI,HOLD,HOLD
NCS,HOLD,HOLD
TBH,HOLD,HOLD
VPC,BUY,BUY
VAV,HOLD,HOLD
PEC,HOLD,HOLD
FOX,HOLD,HOLD
PLA,HOLD,HOLD
EMS,HOLD,HOLD
TB8,HOLD,HOLD
ABC,HOLD,HOLD
CTA,HOLD,HOLD
PWA,HOLD,BUY
STL,HOLD,HOLD
HNF,HOLD,BUY
HRB,BUY,BUY
VW3,HOLD,HOLD
PVV,HOLD,HOLD
HU6,HOLD,HOLD
SDB,SELL,SELL
HAV,HOLD,HOLD
SBM,HOLD,HOLD
CVN,HOLD,HOLD
H11,HOLD,HOLD
LCS,HOLD,HOLD
APL,HOLD,HOLD
PFL,HOLD,HOLD
VHD,HOLD,HOLD
VTE,HOLD,SELL
BSH,HOLD,HOLD
PTT,HOLD,BUY
HD8,HOLD,HOLD
VLG,HOLD,HOLD
AMD,HOLD,HOLD
EIC,HOLD,SELL
PVL,HOLD,HOLD
CMI,HOLD,HOLD
VTI,HOLD,HOLD
VGI,HOLD,HOLD
EFI,HOLD,HOLD
PIV,HOLD,HOLD
MFS,HOLD,HOLD
SIG,BUY,BUY
VCR,HOLD,HOLD
VSE,HOLD,HOLD
FLC,NO_DATA,NO_DATA
TTG,HOLD,BUY
TIN,HOLD,HOLD
CK8,HOLD,HOLD
CDO,HOLD,HOLD
BVL,BUY,HOLD
PVO,HOLD,HOLD
PAI,BUY,BUY
PID,HOLD,HOLD
DFF,HOLD,HOLD
TAL,HOLD,HOLD
DTP,HOLD,HOLD
KLF,HOLD,HOLD
HKB,HOLD,HOLD
XLV,HOLD,HOLD
VVS,HOLD,HOLD
NBE,HOLD,BUY
HVA,HOLD,HOLD
DPS,HOLD,HOLD
VBG,HOLD,HOLD
MZG,HOLD,HOLD
CCC,HOLD,HOLD
G36,HOLD,HOLD
TGG,HOLD,HOLD
SJF,HOLD,HOLD
IBC,HOLD,HOLD
E29,HOLD,HOLD
LMC,HOLD,HOLD
TOP,HOLD,HOLD
NHP,HOLD,HOLD
HSV,HOLD,HOLD
HSA,HOLD,HOLD
SSH,HOLD,BUY
ECO,HOLD,HOLD
MTL,SELL,HOLD
NWT,SELL,SELL
BLN,HOLD,HOLD
TAB,HOLD,HOLD
BMV,HOLD,HOLD
CEN,BUY,BUY
ODE,HOLD,HOLD
MDA,NO_DATA,NO_DATA
CFM,HOLD,HOLD
BIG,HOLD,HOLD
VMK,HOLD,HOLD
HIO,HOLD,HOLD
TRV,HOLD,HOLD
TVH,HOLD,HOLD
VNA,HOLD,HOLD
DPH,HOLD,HOLD
FSO,BUY,HOLD
DDH,HOLD,HOLD
BHP,HOLD,HOLD
L62,HOLD,HOLD
BAL,HOLD,HOLD
ITS,HOLD,HOLD
HPW,HOLD,HOLD
PHP,HOLD,HOLD
ILC,HOLD,HOLD
HMD,HOLD,HOLD
CID,HOLD,HOLD
V15,SELL,SELL
TR1,BUY,BUY
TKG,ERR,ERR
DVC,HOLD,HOLD
SIV,HOLD,HOLD
HND,HOLD,SELL
HC3,HOLD,HOLD
CDH,HOLD,HOLD
HPB,HOLD,HOLD
HPP,BUY,HOLD
CCP,SELL,SELL
QBS,HOLD,HOLD
PSP,HOLD,HOLD
HBH,HOLD,BUY
AMS,HOLD,HOLD
VPA,HOLD,HOLD
DDV,SELL,HOLD
TUG,BUY,BUY
CPH,NO_DATA,NO_DATA
VGR,HOLD,HOLD
VSN,HOLD,HOLD
VNP,HOLD,HOLD
SSF,HOLD,HOLD
GND,HOLD,HOLD
VTA,BUY,BUY
MNB,HOLD,HOLD
VGG,HOLD,HOLD
FIC,HOLD,HOLD
NAC,HOLD,HOLD
CT3,BUY,BUY
SVG,HOLD,SELL
CHS,HOLD,BUY
SGS,HOLD,HOLD
PNT,BUY,BUY
SAL,HOLD,HOLD
ISG,HOLD,HOLD
SWC,BUY,HOLD
VST,HOLD,HOLD
GTS,HOLD,HOLD
IN4,HOLD,HOLD
STS,HOLD,HOLD
PMJ,HOLD,HOLD
VTR,HOLD,HOLD
UPH,HOLD,HOLD
BSG,HOLD,HOLD
MRF,SELL,SELL
SGP,HOLD,HOLD
CDP,SELL,HOLD
DM7,SELL,HOLD
A32,HOLD,HOLD
APT,HOLD,HOLD
TL4,HOLD,HOLD
FCS,HOLD,HOLD
HEC,HOLD,HOLD
ACS,HOLD,BUY
SCD,HOLD,HOLD
VOC,HOLD,HOLD
VET,HOLD,HOLD
SGB,HOLD,SELL
VSF,HOLD,HOLD
VKP,NO_DATA,NO_DATA
IME,HOLD,HOLD
VIN,SELL,HOLD
PEG,HOLD,HOLD
RBC,HOLD,HOLD
FRM,BUY,SELL
RCD,HOLD,HOLD
BBT,HOLD,HOLD
FTI,NO_DATA,NO_DATA
NSG,HOLD,HOLD
C21,BUY,BUY
AGX,HOLD,HOLD
DSP,BUY,BUY
TSG,BUY,BUY
TPS,HOLD,HOLD
SAS,HOLD,HOLD
TNM,HOLD,HOLD
BTV,HOLD,HOLD
TNA,HOLD,HOLD
TIE,BUY,HOLD
BVN,SELL,HOLD
HAI,ERR,ERR
DCF,BUY,SELL
SSN,HOLD,HOLD
VPR,HOLD,HOLD
CLX,HOLD,HOLD
BVB,HOLD,HOLD
ABB,HOLD,HOLD
PNG,HOLD,HOLD
CC1,HOLD,HOLD
LG9,HOLD,HOLD
L45,HOLD,HOLD
PPH,HOLD,HOLD
CGV,HOLD,HOLD
NCG,HOLD,HOLD
HPT,SELL,HOLD
BLI,HOLD,HOLD
CNT,SELL,HOLD
DTI,HOLD,HOLD
PVE,HOLD,HOLD
GER,HOLD,HOLD
TKC,HOLD,HOLD
ICF,SELL,HOLD
VSG,HOLD,HOLD
BMG,HOLD,HOLD
EME,HOLD,HOLD
HFB,SELL,SELL
MCH,HOLD,HOLD
SSG,HOLD,HOLD
KVC,HOLD,HOLD
CI5,HOLD,HOLD
HBC,HOLD,HOLD
SCO,BUY,BUY
VNH,HOLD,HOLD
HLA,HOLD,HOLD
TS4,HOLD,HOLD
YTC,HOLD,HOLD
NDP,HOLD,HOLD
CMD,HOLD,HOLD
MKP,HOLD,HOLD
SHC,HOLD,HOLD
SPV,HOLD,HOLD
HNI,HOLD,HOLD
TTD,HOLD,HOLD
ITA,HOLD,HOLD
LUT,HOLD,HOLD
KDF,ERR,ERR
VAB,HOLD,HOLD
DIC,HOLD,HOLD
SAP,SELL,SELL
BTD,HOLD,SELL
SBD,BUY,BUY
VBH,HOLD,HOLD
TBR,HOLD,HOLD
VES,HOLD,HOLD
VDT,HOLD,HOLD
SII,HOLD,HOLD
VNZ,HOLD,HOLD
STT,BUY,BUY
PPI,HOLD,HOLD
CLG,HOLD,HOLD
HSI,SELL,SELL
SBB,HOLD,HOLD
FHS,SELL,BUY
TRS,HOLD,SELL
PCF,SELL,HOLD
CMF,HOLD,HOLD
AG1,HOLD,HOLD
CMN,SELL,BUY
PTO,HOLD,HOLD
PJS,HOLD,HOLD
VNI,HOLD,HOLD
SID,HOLD,HOLD
PDV,HOLD,HOLD
NTB,HOLD,HOLD
FOC,HOLD,HOLD
HPI,BUY,BUY
EIN,HOLD,HOLD
TLI,HOLD,HOLD
MHL,HOLD,HOLD
HTE,HOLD,HOLD
LSG,HOLD,HOLD
TNB,HOLD,HOLD
TDS,HOLD,HOLD
PTV,HOLD,HOLD
OIL,HOLD,HOLD
PSG,HOLD,HOLD
ONW,SELL,SELL
PNP,HOLD,HOLD
TCW,HOLD,HOLD
MSR,HOLD,HOLD
SAC,BUY,HOLD
THW,HOLD,HOLD
TAW,HOLD,HOLD
SEA,BUY,BUY
MML,HOLD,HOLD
VTD,HOLD,HOLD
ACV,HOLD,HOLD
TOS,HOLD,HOLD
LMH,HOLD,HOLD
MGR,HOLD,HOLD
ILA,HOLD,HOLD
DTE,HOLD,HOLD
BGE,HOLD,HOLD
AIG,HOLD,BUY
BCR,HOLD,HOLD
SGI,HOLD,HOLD
VDG,HOLD,HOLD
THP,HOLD,HOLD
PRO,HOLD,HOLD
SPD,HOLD,HOLD
LM7,BUY,BUY
DNN,HOLD,HOLD
DDN,HOLD,HOLD
DAS,HOLD,HOLD
VTX,HOLD,HOLD
TW3,HOLD,HOLD
DAN,SELL,SELL
DNM,SELL,SELL
DNE,HOLD,HOLD
DCR,HOLD,SELL
DPC,BUY,HOLD
VDN,HOLD,HOLD
VMT,HOLD,HOLD
SJM,HOLD,HOLD
HTP,BUY,BUY
SVH,NO_DATA,NO_DATA
DNL,HOLD,HOLD
TS3,HOLD,HOLD
DSD,HOLD,HOLD
XMP,HOLD,SELL
HU3,HOLD,HOLD
MA1,HOLD,HOLD
SD2,SELL,HOLD
TVM,SELL,SELL
VXP,HOLD,HOLD
FCC,HOLD,HOLD
SD8,HOLD,HOLD
BHK,HOLD,HOLD
MTH,HOLD,HOLD
PTH,HOLD,HOLD
HTT,HOLD,HOLD
XMC,BUY,BUY
SCJ,HOLD,HOLD
SDP,HOLD,HOLD
KIP,SELL,SELL
SDD,HOLD,HOLD
IDP,HOLD,HOLD
ASA,NO_DATA,NO_DATA
DVG,HOLD,HOLD
PVR,HOLD,HOLD
MPT,HOLD,HOLD
UMC,HOLD,HOLD
NDW,HOLD,HOLD
NDT,HOLD,HOLD
MND,HOLD,HOLD
BBM,BUY,BUY
NDF,HOLD,HOLD
KTT,HOLD,HOLD
NJC,HOLD,HOLD
TV6,BUY,HOLD
PND,HOLD,HOLD
X77,NO_DATA,NO_DATA
KSH,HOLD,HOLD
TSA,HOLD,HOLD
THM,HOLD,HOLD
HDW,HOLD,HOLD
L63,HOLD,HOLD
DHD,HOLD,HOLD
TRT,HOLD,HOLD
BBH,HOLD,HOLD
LPT,HOLD,HOLD
V11,ERR,ERR
KHD,HOLD,HOLD
BCA,HOLD,HOLD
TGP,SELL,SELL
VRG,HOLD,BUY
SCL,HOLD,HOLD
DKG,HOLD,HOLD
HUG,SELL,SELL
CNC,SELL,HOLD
PAS,HOLD,HOLD
TBW,NO_DATA,NO_DATA
MTB,HOLD,HOLD
HHG,HOLD,HOLD
BTB,BUY,HOLD
TTZ,NO_DATA,NO_DATA
FTM,HOLD,HOLD
POB,HOLD,HOLD
BOT,HOLD,HOLD
LAW,HOLD,HOLD
MTG,HOLD,HOLD
LAI,HOLD,HOLD
HVG,HOLD,HOLD
BTG,HOLD,HOLD
NBT,BUY,BUY
VXB,HOLD,HOLD
BTU,SELL,HOLD
TBT,ERR,ERR
GPC,HOLD,HOLD
DWS,HOLD,HOLD
BDT,HOLD,HOLD
PGB,HOLD,HOLD
DOP,HOLD,HOLD
TCJ,SELL,SELL
DMN,BUY,HOLD
VLP,HOLD,HOLD
VLF,HOLD,HOLD
VLW,BUY,BUY
CKA,HOLD,HOLD
LTG,HOLD,HOLD
AFX,HOLD,HOLD
ANT,HOLD,HOLD
AGM,HOLD,HOLD
DNA,HOLD,HOLD
ATA,HOLD,HOLD
AGF,SELL,SELL
ACE,HOLD,HOLD
AGP,HOLD,HOLD
AVF,HOLD,HOLD
KGM,BUY,HOLD
KLB,HOLD,HOLD
NGC,HOLD,HOLD
KTC,HOLD,HOLD
CTW,HOLD,HOLD
TAR,HOLD,HOLD
UCT,BUY,BUY
HAM,HOLD,HOLD
CCM,SELL,SELL
WSB,BUY,HOLD
CCA,SELL,HOLD
CCT,HOLD,HOLD
TOW,SELL,SELL
BLF,HOLD,HOLD
SBL,HOLD,HOLD
CMW,HOLD,HOLD
CAD,HOLD,HOLD
JOS,HOLD,HOLD
SNC,HOLD,HOLD
CAT,HOLD,HOLD
MPC,HOLD,HOLD
PXC,NO_DATA,NO_DATA
CMM,SELL,HOLD
STW,HOLD,HOLD
USD,HOLD,SELL
UXC,HOLD,HOLD
VBB,HOLD,HOLD
DSG,BUY,BUY
VTS,HOLD,HOLD
L61,SELL,SELL
DCG,HOLD,SELL
BNW,SELL,SELL
MBN,NO_DATA,NO_DATA
DHB,HOLD,HOLD
BGW,HOLD,HOLD
AAH,HOLD,HOLD
HPH,HOLD,HOLD
NVP,HOLD,HOLD
VPW,HOLD,HOLD
XHC,SELL,BUY
TLT,HOLD,HOLD
XMD,HOLD,HOLD
G20,HOLD,HOLD
SHG,HOLD,HOLD
LM3,HOLD,HOLD
GVT,HOLD,HOLD
BSD,HOLD,HOLD
PTE,HOLD,HOLD
HHB,HOLD,HOLD
BSP,HOLD,HOLD
F88,HOLD,HOLD
L35,HOLD,HOLD
THU,HOLD,HOLD
THN,HOLD,HOLD
DTH,HOLD,HOLD
LO5,HOLD,HOLD
VC5,HOLD,HOLD
HU4,HOLD,SELL
VCP,HOLD,HOLD
PVH,HOLD,HOLD
PSN,HOLD,HOLD
GAB,NO_DATA,NO_DATA
NAW,HOLD,HOLD
TDF,HOLD,BUY
HLT,SELL,SELL
C4G,HOLD,HOLD
PX1,NO_DATA,NO_DATA
PVA,HOLD,HOLD
CNA,NO_DATA,NO_DATA
NAU,SELL,SELL
C92,SELL,HOLD
PTX,BUY,SELL
NTF,HOLD,HOLD
SRB,HOLD,HOLD
VE2,HOLD,HOLD
QPH,HOLD,HOLD
TKA,HOLD,HOLD
SB1,HOLD,BUY
PDC,HOLD,HOLD
BSL,HOLD,HOLD
TSD,HOLD,HOLD
PXA,HOLD,HOLD
HDP,HOLD,HOLD
MTA,HOLD,HOLD
GSM,HOLD,HOLD
S27,ERR,ERR
POV,HOLD,HOLD
MLS,HOLD,BUY
VTQ,HOLD,HOLD
LNC,HOLD,HOLD
NQB,BUY,BUY
BQB,HOLD,HOLD
E12,HOLD,HOLD
MQB,SELL,SELL
SEP,HOLD,HOLD
MDF,SELL,BUY
HDM,HOLD,HOLD
RCC,BUY,BUY
HEP,HOLD,HOLD
HGT,HOLD,HOLD
MTP,HOLD,HOLD
HWS,HOLD,HOLD
SPB,HOLD,HOLD
VHH,HOLD,HOLD
CMP,NO_DATA,NO_DATA
ALV,HOLD,HOLD
PTG,HOLD,HOLD
BII,HOLD,HOLD
BMD,HOLD,HOLD
BRS,HOLD,HOLD
ICN,HOLD,HOLD
UDC,BUY,HOLD
BWS,HOLD,HOLD
VTG,HOLD,HOLD
PVX,HOLD,HOLD
BRR,HOLD,HOLD
MTV,HOLD,HOLD
UPC,HOLD,HOLD
DC1,HOLD,HOLD
PMW,BUY,BUY
VMG,HOLD,BUY
BMK,HOLD,SELL
PSB,HOLD,HOLD
PVY,HOLD,HOLD
PXL,HOLD,HOLD
POS,HOLD,HOLD
TNS,HOLD,HOLD
PXI,HOLD,HOLD
PXT,HOLD,HOLD
VIR,HOLD,HOLD
PXS,HOLD,HOLD
DMS,HOLD,HOLD
VGL,HOLD,HOLD
IFS,HOLD,HOLD
DPP,HOLD,HOLD
TMW,HOLD,HOLD
BEL,HOLD,HOLD
L44,HOLD,HOLD
IRC,SELL,SELL
DNW,HOLD,HOLD
DND,HOLD,HOLD
DGT,HOLD,HOLD
HJC,HOLD,HOLD
NSS,HOLD,HOLD
PSL,BUY,BUY
SZE,HOLD,HOLD
VLB,HOLD,HOLD
DNT,HOLD,HOLD
TID,HOLD,BUY
DOC,HOLD,HOLD
SNZ,BUY,HOLD
BHC,HOLD,HOLD
DCT,HOLD,HOLD
BMF,HOLD,HOLD
DID,BUY,HOLD
SDK,HOLD,HOLD
SDV,HOLD,HOLD
LMI,HOLD,HOLD
NTW,BUY,BUY
DVW,HOLD,HOLD
LKW,HOLD,HOLD
CDR,HOLD,BUY
PAP,BUY,SELL
GCF,HOLD,HOLD
SZG,SELL,SELL
TLP,HOLD,HOLD
PRT,HOLD,HOLD
MVC,HOLD,HOLD
GDA,HOLD,HOLD
POM,BUY,BUY
DZM,NO_DATA,NO_DATA
BT6,HOLD,HOLD
HBD,SELL,SELL
APC,HOLD,HOLD
VKC,HOLD,HOLD
NTC,HOLD,HOLD
BCP,HOLD,HOLD
BDG,HOLD,HOLD
IST,HOLD,HOLD
UDJ,HOLD,HOLD
PLO,SELL,SELL
TTN,BUY,HOLD
BMJ,BUY,HOLD
HLO,HOLD,HOLD
MBT,HOLD,HOLD
IBD,HOLD,HOLD
SBR,SELL,SELL
MH3,HOLD,HOLD
ISH,HOLD,HOLD
ABI,HOLD,HOLD
RTB,HOLD,HOLD
CHC,HOLD,HOLD
FRC,HOLD,HOLD
HOT,HOLD,HOLD
QNU,HOLD,HOLD
QCC,HOLD,HOLD
VHG,HOLD,HOLD
AVC,BUY,HOLD
QNT,HOLD,HOLD
BDW,HOLD,HOLD
PIS,HOLD,HOLD
BLT,HOLD,BUY
TNP,HOLD,HOLD
GCB,HOLD,HOLD
BTN,HOLD,HOLD
TDB,HOLD,BUY
ATG,HOLD,HOLD
SQC,HOLD,HOLD
QSP,BUY,BUY
NTT,HOLD,HOLD
KHW,HOLD,HOLD
NUE,HOLD,HOLD
BIO,HOLD,HOLD
VE9,BUY,HOLD
SKV,HOLD,HOLD
SKH,HOLD,HOLD
SKN,HOLD,HOLD
QNS,HOLD,HOLD
LQN,HOLD,HOLD
MQN,HOLD,HOLD
APF,HOLD,HOLD
QNW,HOLD,BUY
BSQ,HOLD,HOLD
PQN,NO_DATA,NO_DATA
PXM,HOLD,HOLD
PBT,BUY,HOLD
PWS,HOLD,HOLD
MPY,HOLD,HOLD
GTT,HOLD,HOLD
L43,HOLD,HOLD
SD6,HOLD,HOLD
SBH,HOLD,HOLD
NNT,SELL,HOLD
TMG,HOLD,HOLD
TNW,HOLD,HOLD
TIS,HOLD,HOLD
MEF,HOLD,HOLD
STH,HOLD,HOLD
FBC,NO_DATA,NO_DATA
FT1,HOLD,HOLD
TTB,HOLD,HOLD
CQT,HOLD,HOLD
TTS,HOLD,HOLD
NHV,HOLD,HOLD
KSS,NO_DATA,NO_DATA
ATB,HOLD,HOLD
CYC,HOLD,HOLD
CBS,BUY,HOLD
KCB,HOLD,HOLD
BCV,NO_DATA,NO_DATA
CBI,HOLD,HOLD
DXL,HOLD,HOLD
NLS,HOLD,HOLD
DKC,HOLD,HOLD
LCC,HOLD,HOLD
HPM,HOLD,HOLD
AIC,SELL,SELL
TQW,NO_DATA,NO_DATA
GGG,SELL,SELL
VCX,BUY,BUY
YBC,HOLD,HOLD
HLS,BUY,BUY
VIM,HOLD,SELL
MLC,SELL,SELL
LCM,HOLD,HOLD
ND2,HOLD,BUY
SP2,HOLD,HOLD
GLC,HOLD,HOLD
BHA,BUY,BUY
PAT,HOLD,HOLD
SD7,HOLD,HOLD
SCC,HOLD,HOLD
S72,HOLD,HOLD
MEC,HOLD,HOLD
VCW,HOLD,HOLD
NSL,HOLD,HOLD
NED,HOLD,HOLD
S74,HOLD,HOLD
BHI,BUY,BUY
NQN,BUY,SELL
CQN,HOLD,HOLD
QNC,HOLD,HOLD
VQC,HOLD,HOLD
MTS,SELL,BUY
RIC,HOLD,HOLD
VMA,NO_DATA,NO_DATA
KHL,HOLD,HOLD
QHW,SELL,SELL
HLB,HOLD,HOLD
QTP,HOLD,HOLD
HLY,HOLD,HOLD
VTM,NO_DATA,NO_DATA
TQN,SELL,SELL
UEM,HOLD,HOLD
CMK,NO_DATA,NO_DATA
WTC,HOLD,HOLD
CPI,HOLD,HOLD
BCB,HOLD,HOLD
MGC,HOLD,HOLD
VDB,NO_DATA,NO_DATA
TD6,HOLD,HOLD
DLR,HOLD,HOLD
LDW,HOLD,HOLD
DUS,SELL,SELL
DNH,HOLD,HOLD
BWA,HOLD,HOLD
BHG,HOLD,HOLD
SD4,HOLD,HOLD
SDT,HOLD,HOLD
SD3,BUY,HOLD
GLW,HOLD,HOLD
FGL,HOLD,HOLD
GHC,HOLD,HOLD
SDY,HOLD,HOLD
HPD,HOLD,HOLD
TAN,BUY,HOLD
DRG,HOLD,HOLD
DWC,HOLD,HOLD
DLD,HOLD,HOLD
UDL,HOLD,HOLD
CFV,HOLD,HOLD
EPC,ERR,ERR
CPA,BUY,HOLD
DBM,HOLD,HOLD
BSA,HOLD,HOLD
DRI,HOLD,HOLD
NXT,HOLD,BUY
AVG,HOLD,HOLD
TT6,HOLD,HOLD
VCE,NO_DATA,NO_DATA
GEX,HOLD,HOLD
SRC,HOLD,HOLD
PC1,SELL,HOLD
NHH,HOLD,HOLD
VAF,SELL,HOLD
TMT,HOLD,HOLD
VCG,HOLD,HOLD
PLX,HOLD,HOLD
HVN,HOLD,HOLD
VGC,HOLD,HOLD
TRA,HOLD,HOLD
BVH,HOLD,HOLD
CTG,HOLD,HOLD
VCB,HOLD,HOLD
BID,HOLD,HOLD
TCB,HOLD,HOLD
VIB,HOLD,HOLD
VPB,HOLD,HOLD
CMG,HOLD,HOLD
HDG,SELL,HOLD
MBB,HOLD,HOLD
ICT,HOLD,HOLD
PTC,HOLD,HOLD
SHI,HOLD,HOLD
MHC,HOLD,HOLD
HU1,HOLD,SELL
HAS,HOLD,BUY
HID,HOLD,HOLD
CRE,HOLD,HOLD
JVC,HOLD,HOLD
LGL,HOLD,HOLD
DPG,HOLD,HOLD
VIC,HOLD,HOLD
FPT,HOLD,HOLD
VPD,HOLD,HOLD
PHC,HOLD,HOLD
BHN,HOLD,HOLD
SJS,HOLD,HOLD
EVE,HOLD,HOLD
ELC,HOLD,HOLD
PGC,HOLD,HOLD
NSC,HOLD,SELL
DGC,HOLD,HOLD
FCN,HOLD,HOLD
TNI,SELL,HOLD
RAL,HOLD,SELL
NTL,HOLD,HOLD
NCT,HOLD,BUY
TNT,HOLD,HOLD
NVT,HOLD,HOLD
FIT,HOLD,HOLD
POW,HOLD,HOLD
OGC,HOLD,BUY
VJC,HOLD,BUY
VHM,HOLD,HOLD
KOS,HOLD,SELL
VPI,HOLD,BUY
TPB,HOLD,HOLD
EVF,HOLD,HOLD
ADG,HOLD,HOLD
TTA,HOLD,HOLD
PLP,HOLD,HOLD
HAH,HOLD,HOLD
KPF,HOLD,HOLD
VTP,HOLD,HOLD
EVG,HOLD,HOLD
HVH,HOLD,HOLD
CTR,HOLD,HOLD
ASG,BUY,HOLD
CRC,HOLD,HOLD
TEG,HOLD,HOLD
NO1,HOLD,HOLD
VRE,HOLD,HOLD
TN1,SELL,HOLD
BKG,HOLD,HOLD
AST,HOLD,HOLD
GEE,HOLD,HOLD
BAF,HOLD,HOLD
VOS,HOLD,HOLD
VIP,HOLD,HOLD
TCH,HOLD,HOLD
MSB,HOLD,HOLD
SSB,HOLD,HOLD
HAP,HOLD,HOLD
VSC,HOLD,HOLD
DVP,HOLD,HOLD
TCO,HOLD,HOLD
HHS,HOLD,HOLD
VPG,HOLD,HOLD
HHP,HOLD,HOLD
DQC,HOLD,HOLD
VID,HOLD,HOLD
SC5,BUY,BUY
RDP,ERR,ERR
LM8,HOLD,HOLD
VTB,HOLD,HOLD
VSI,HOLD,SELL
HMC,HOLD,HOLD
PAC,HOLD,SELL
VPS,HOLD,HOLD
CSM,HOLD,HOLD
TV2,HOLD,HOLD
SFG,HOLD,HOLD
COM,SELL,HOLD
PET,HOLD,HOLD
VDP,HOLD,HOLD
VMD,BUY,HOLD
LGC,HOLD,HOLD
TCD,HOLD,HOLD
PNJ,HOLD,HOLD
SMA,HOLD,HOLD
VTO,HOLD,HOLD
SAB,HOLD,HOLD
VNM,HOLD,HOLD
FDC,HOLD,BUY
HDB,BUY,HOLD
SFC,HOLD,BUY
STG,BUY,HOLD
SVT,HOLD,HOLD
REE,HOLD,HOLD
GMC,HOLD,HOLD
SBV,HOLD,HOLD
OCB,HOLD,HOLD
NAB,HOLD,HOLD
STB,HOLD,HOLD
GMD,HOLD,HOLD
BRC,HOLD,HOLD
SVC,HOLD,HOLD
BTT,HOLD,HOLD
EIB,HOLD,HOLD
GVR,HOLD,HOLD
HTL,SELL,HOLD
NLG,HOLD,HOLD
LIX,SELL,HOLD
NVL,HOLD,HOLD
TVT,SELL,HOLD
TCM,HOLD,HOLD
CSV,HOLD,HOLD
HT1,HOLD,HOLD
GDT,HOLD,HOLD
ACB,HOLD,HOLD
BMP,HOLD,SELL
TLG,HOLD,HOLD
TIX,BUY,HOLD
SFI,SELL,HOLD
PAN,HOLD,HOLD
ITD,HOLD,HOLD
MCP,HOLD,HOLD
VNL,HOLD,HOLD
PIT,HOLD,HOLD
VPH,HOLD,HOLD
PJT,HOLD,HOLD
SRF,HOLD,HOLD
PNC,HOLD,HOLD
TMS,HOLD,HOLD
SGR,HOLD,HOLD
HTV,HOLD,HOLD
HAX,HOLD,HOLD
STK,HOLD,HOLD
VNS,HOLD,HOLD
ADP,HOLD,HOLD
HQC,HOLD,HOLD
HTI,HOLD,SELL
GIL,HOLD,HOLD
ITC,HOLD,HOLD
NAV,HOLD,HOLD
SPM,HOLD,HOLD
LCG,HOLD,HOLD
SAV,BUY,HOLD
VFG,HOLD,HOLD
TDH,HOLD,HOLD
CII,HOLD,HOLD
PVD,HOLD,HOLD
OPC,HOLD,HOLD
ST8,HOLD,HOLD
KDH,HOLD,HOLD
SGT,HOLD,HOLD
SSC,BUY,BUY
CCI,BUY,BUY
KDC,HOLD,HOLD
PVT,HOLD,HOLD
TPC,HOLD,HOLD
DSN,HOLD,HOLD
DGW,HOLD,HOLD
BFC,HOLD,SELL
DXG,HOLD,HOLD
DTA,HOLD,SELL
IDI,HOLD,HOLD
CDC,HOLD,HOLD
DPM,HOLD,HOLD
CLC,HOLD,HOLD
ASP,HOLD,HOLD
NHT,SELL,HOLD
DTT,BUY,BUY
SCR,HOLD,HOLD
SHP,HOLD,HOLD
CTD,HOLD,HOLD
PDR,HOLD,HOLD
SMC,HOLD,HOLD
MSN,HOLD,HOLD
NBB,HOLD,HOLD
DRH,HOLD,HOLD
YEG,HOLD,HOLD
CLW,HOLD,HOLD
TDW,BUY,BUY
TCL,HOLD,SELL
PGD,HOLD,BUY
HAR,HOLD,HOLD
CLL,HOLD,HOLD
SIP,HOLD,HOLD
PTL,HOLD,HOLD
HTN,SELL,HOLD
GSP,HOLD,HOLD
PVP,HOLD,HOLD
SCS,HOLD,HOLD
MWG,HOLD,HOLD
SHA,HOLD,HOLD
CTF,HOLD,HOLD
KHG,HOLD,HOLD
BCG,HOLD,HOLD
AGG,HOLD,HOLD
FRT,HOLD,HOLD
ABR,HOLD,HOLD
SGN,HOLD,HOLD
SBG,HOLD,HOLD
HVX,HOLD,BUY
VNE,SELL,HOLD
DRC,HOLD,HOLD
HTG,HOLD,HOLD
DXV,HOLD,HOLD
HHV,HOLD,HOLD
SBA,HOLD,HOLD
DRL,HOLD,SELL
CHP,HOLD,BUY
LEC,HOLD,HOLD
FIR,HOLD,HOLD
CIG,HOLD,HOLD
TLD,HOLD,HOLD
HPX,HOLD,HOLD
MSH,HOLD,HOLD
SVD,HOLD,HOLD
NHA,HOLD,HOLD
FCM,HOLD,HOLD
PPC,HOLD,HOLD
AAA,HOLD,HOLD
HCD,HOLD,HOLD
APH,HOLD,HOLD
HPG,HOLD,HOLD
TDP,HOLD,HOLD
ADS,HOLD,HOLD
LAF,HOLD,HOLD
LHG,HOLD,HOLD
BIC,HOLD,HOLD
THG,HOLD,HOLD
CTES,ERR,ERR
DHC,HOLD,HOLD
ABT,HOLD,HOLD
DBT,HOLD,HOLD
VHC,HOLD,HOLD
IMP,HOLD,HOLD
DMC,HOLD,HOLD
DCL,HOLD,HOLD
ANV,HOLD,HOLD
ASM,HOLD,HOLD
ACL,HOLD,HOLD
DAT,HOLD,HOLD
CKG,HOLD,SELL
SKG,HOLD,HOLD
DHG,HOLD,HOLD
SHB,HOLD,HOLD
AAM,HOLD,HOLD
TSC,HOLD,HOLD
CMX,HOLD,HOLD
CMV,HOLD,HOLD
DCM,HOLD,HOLD
FMC,HOLD,HOLD
CCL,HOLD,HOLD
DBC,HOLD,HOLD
KBC,HOLD,HOLD
TDG,HOLD,HOLD
CVT,HOLD,HOLD
BMI,HOLD,HOLD
AAT,HOLD,BUY
LSS,HOLD,HOLD
NAF,HOLD,HOLD
HNA,HOLD,HOLD
GMH,HOLD,HOLD
HUB,HOLD,BUY
ABS,HOLD,HOLD
TNC,SELL,HOLD
DIG,HOLD,HOLD
VRC,HOLD,HOLD
GAS,HOLD,HOLD
HDC,HOLD,HOLD
HRC,HOLD,HOLD
DC4,HOLD,HOLD
BTP,HOLD,BUY
VNG,HOLD,HOLD
CNG,HOLD,HOLD
RYG,HOLD,HOLD
PGV,HOLD,HOLD
TYA,HOLD,HOLD
SAM,HOLD,HOLD
TCR,BUY,HOLD
MDG,HOLD,HOLD
D2D,HOLD,HOLD
VCF,HOLD,SELL
PDN,HOLD,HOLD
BBC,HOLD,HOLD
CTI,HOLD,HOLD
DHA,HOLD,HOLD
UIC,SELL,HOLD
TLH,HOLD,HOLD
SVI,HOLD,BUY
SZL,HOLD,SELL
NT2,HOLD,HOLD
SZC,HOLD,HOLD
VCA,HOLD,HOLD
TIP,HOLD,HOLD
ILB,BUY,HOLD
LDG,HOLD,HOLD
DXS,HOLD,HOLD
BCM,SELL,HOLD
BWE,BUY,HOLD
C32,HOLD,SELL
PHR,HOLD,HOLD
KSB,HOLD,HOLD
DTL,SELL,SELL
HSG,HOLD,HOLD
KMR,HOLD,HOLD
GTA,HOLD,BUY
BCE,HOLD,BUY
TDC,HOLD,HOLD
NKG,HOLD,HOLD
TTF,HOLD,HOLD
ACG,HOLD,HOLD
NNC,HOLD,HOLD
IJC,HOLD,HOLD
ACC,HOLD,HOLD
TDM,HOLD,HOLD
DPR,HOLD,HOLD
TMP,SELL,SELL
SJD,HOLD,HOLD
TRC,HOLD,HOLD
SBT,HOLD,HOLD
TCT,HOLD,BUY
PMG,HOLD,HOLD
C47,HOLD,HOLD
QNP,HOLD,HOLD
PTB,HOLD,HOLD
DBD,HOLD,HOLD
BMC,HOLD,HOLD
VSH,HOLD,HOLD
SMB,HOLD,HOLD
VPL,HOLD,HOLD
KHP,HOLD,HOLD
MIG,HOLD,HOLD
BSR,HOLD,HOLD
DHM,HOLD,HOLD
DAH,HOLD,HOLD
TNH,HOLD,HOLD
TBC,HOLD,HOLD
HII,HOLD,HOLD
YBM,BUY,SELL
L10,HOLD,SELL
MCM,HOLD,HOLD
HSL,HOLD,HOLD
LBM,HOLD,HOLD
GEG,HOLD,HOLD
HAG,SELL,HOLD
QCG,HOLD,HOLD
S4A,BUY,BUY
DLG,HOLD,HOLD
HNG,HOLD,HOLD
TTE,HOLD,HOLD
LPB,HOLD,HOLD
PSH,HOLD,HOLD
PGI,HOLD,HOLD
